ID, Name, PhotUrl
682451454,Wanda Howard,https://randomuser.me/api/portraits/women/84.jpg
411895971,Deanna Carpenter,https://randomuser.me/api/portraits/women/6.jpg
275926073,Arnold Gilbert,https://randomuser.me/api/portraits/men/28.jpg
88289237,Francis Sullivan,https://randomuser.me/api/portraits/men/39.jpg
96178320,Bernice Hawkins,https://randomuser.me/api/portraits/women/11.jpg
744827857,Tim Mitchelle,https://randomuser.me/api/portraits/men/65.jpg
460429461,Brianna Sutton,https://randomuser.me/api/portraits/women/65.jpg
821896087,Edwin Castillo,https://randomuser.me/api/portraits/men/83.jpg
736237371,Ted Burton,https://randomuser.me/api/portraits/men/72.jpg
671654082,Marcus Allen,https://randomuser.me/api/portraits/men/32.jpg
